AALI|Astra Agro Lestari Tbk.|1924688333|1924688333|724700|384800
ABBA|Mahaka Media Tbk.|2755125000|2755125000|0|0
ABDA|Asuransi Bina Dana Arta Tbk.|620806680|620806680|0|0
ABMM|ABM Investama Tbk.|2753165000|2753165000|0|0
ACES|Ace Hardware Indonesia Tbk.|17150000000|1715000000|4006800|4436400
ACST|Acset Indonusa Tbk.|700000000|700000000|0|0
ADES|Akasha Wira International Tbk.|589896800|589896800|0|0
ADHI|Adhi Karya (Persero) Tbk.|3560849376|3560849376|1430800|204000
ADMF|Adira Dinamika Multi Finance Tbk.|1000000000|1000000000|0|0
ADMG|Polychem Indonesia Tbk|3889179559|3889179559|0|0
ADRO|Adaro Energy Tbk.|31985962000|3198596200|22932227|10099733
AGII|Aneka Gas Industri Tbk.|3066660000|3066660000|3954100|10580300
AGRO|Bank Rakyat Indonesia Agroniaga Tbk.|11364918541|1136491854|30000|580000
AGRS|Bank Agris Tbk.|5203614878|5203614878|0|0
AHAP|Asuransi Harta Aman Pratama Tbk.|840000000|840000000|0|0
AIMS|Akbar Indo Makmur Stimec Tbk|220000000|220000000|0|0
AISA|Tiga Pilar Sejahtera Food Tbk.|3218600000|3218600000|1855800|1177700
AKKU|Alam Karya Unggul Tbk.|253000000|253000000|0|0
AKPI|Argha Karya Prima Industry Tbk.|680000000|680000000|0|0
AKRA|AKR Corporindo Tbk.|3990227170|3990227170|2804700|2773800
AKSI|Majapahit Inti Corpora Tbk.|720000000|720000000|0|0
ALDO|Alkindo Naratama Tbk.|550000000|550000000|0|0
ALKA|Alakasa Industrindo Tbk|507665055|507665055|0|0
ALMI|Alumindo Light Metal Industry Tbk.|616000000|616000000|0|0
ALTO|Tri Banyan Tirta Tbk.|2186528090|2186528090|0|0
AMAG|Asuransi Multi Artha Guna Tbk.|5001552516|5001552516|0|0
AMFG|Asahimas Flat Glass Tbk.|434000000|434000000|0|0
AMIN|Ateliers Mecaniques D Indonesie Tbk.|1080000000|1080000000|0|0
AMRT|Sumber Alfaria Trijaya Tbk.|41524501700|4152450170|1001800|0
ANJT|Austindo Nusantara Jaya Tbk.|3354175000|3354175000|13890000|0
ANTM|Aneka Tambang (Persero) Tbk.|24030764725|2403076472|29639100|4599700
APEX|Apexindo Pratama Duta Tbk.|2659850000|2659850000|0|0
APIC|Pacific Strategic Financial Tbk.|2940498750|2940498750|171200|0
APII|Arita Prima Indonesia Tbk.|1075760000|1075760000|0|0
APLI|Asiaplast Industries Tbk.|1500000000|1500000000|0|0
APLN|Agung Podomoro Land Tbk.|20500900000|2050090000|295000|252300
APOL|Arpeni Pratama Ocean Line Tbk.|8670479000|8670479000|0|0
ARGO|Argo Pantes Tbk|335557450|335557450|0|0
ARII|Atlas Resources Tbk.|3000000000|3000000000|0|0
ARNA|Arwana Citramulia Tbk.|7341430976|7341430976|0|242300
ARTA|Arthavest Tbk|446674175|446674175|0|0
ARTI|Ratu Prabu Energi Tbk|7840000000|7840000000|0|0
ARTO|Bank Artos Indonesia Tbk.|1194187500|1194187500|0|0
ASBI|Asuransi Bintang Tbk.|348386472|348386472|0|0
ASDM|Asuransi Dayin Mitra Tbk.|192000000|192000000|0|0
ASGR|Astra Graphia Tbk.|1348780500|1348780500|0|0
ASII|Astra International Tbk.|40483553140|4048355314|25093905|29216905
ASJT|Asuransi Jasa Tania Tbk.|600000000|600000000|0|0
ASMI|Asuransi Kresna Mitra Tbk.|7222348200|7222348200|0|0
ASRI|Alam Sutera Realty Tbk.|19649411888|1964941188|847600|1967000
ASRM|Asuransi Ramayana Tbk.|214559422|214559422|0|0
ASSA|Adi Sarana Armada Tbk.|3397500000|3397500000|80000|0
ATIC|Anabatic Technologies Tbk.|1875000000|1875000000|0|0
ATPK|Bara Jaya Internasional Tbk.|5760245414|5760245414|0|0
AUTO|Astra Otoparts Tbk.|4819733000|4819733000|786500|1053600
BABP|Bank MNC Internasional Tbk.|18938267441|1893826744|0|0
BACA|Bank Capital Indonesia Tbk.|6967402378|6967402378|0|0
BAJA|Saranacentral Bajatama Tbk.|1800000000|1800000000|200000|0
BALI|Bali Towerindo Sentra Tbk.|3634091500|3634091500|0|0
BAPA|Bekasi Asri Pemula Tbk.|661784520|661784520|0|0
BATA|Sepatu Bata Tbk.|1300000000|1300000000|0|0
BAYU|Bayu Buana Tbk|353220780|353220780|0|0
BBCA|Bank Central Asia Tbk.|24408459120|2440845912|24893600|27281400
BBHI|Bank Harda Internasional Tbk.|3613500000|3613500000|0|0
BBKP|Bank Bukopin Tbk.|8995754228|8995754228|2093000|162100
BBLD|Buana Finance Tbk.|1645796054|1645796054|0|0
BBMD|Bank Mestika Dharma Tbk.|4049189100|4049189100|0|0
BBNI|Bank Negara Indonesia (Persero) Tbk.|18462169893|1846216989|8938500|6339700
BBNP|Bank Nusantara Parahyangan Tbk.|670065543|670065543|0|0
BBRI|Bank Rakyat Indonesia (Persero) Tbk.|24422470380|2442247038|6942300|18276200
BBRM|Pelayaran Nasional Bina Buana Raya Tbk.|5367076248|5367076248|0|0
BBTN|Bank Tabungan Negara (Persero) Tbk.|10484100000|1048410000|4152579|3194400
BBYB|Bank Yudha Bhakti Tbk.|3984013440|3984013440|232300|1232300
BCAP|MNC Kapital Indonesia Tbk.|4991603029|4991603029|0|0
BCIC|Bank JTrust Indonesia Tbk.|28066675536|2806667553|0|0
BCIP|Bumi Citra Permai Tbk.|1429915525|1429915525|20000000|10065600
BDMN|Bank Danamon Indonesia Tbk.|9488796931|9488796931|511800|2215900
BEKS|Bank Pundi Indonesia Tbk.|45710000758|4571000075|3914700|3021600
BEST|Bekasi Fajar Industrial Estate Tbk.|9647311150|9647311150|10110700|14800
BFIN|BFI Finance  Indonesia Tbk.|1596711562|1596711562|200000|251000
BGTG|Bank Ganesha Tbk.|11063309400|1106330940|0|0
BHIT|MNC Investama Tbk.|46607233199|4660723319|0|204900
BIKA|Binakarya Jaya Abadi Tbk.|592280000|592280000|0|100
BIMA|Primarindo Asia Infrastructure Tbk.|608175716|608175716|0|0
BINA|Bank Ina Perdana Tbk.|2697750000|2697750000|0|0
BIPI|Benakat Integra Tbk.|36508170014|3650817001|0|0
BIPP|Bhuwanatala Indah Permai Tbk.|4669648582|4669648582|0|0
BIRD|Blue Bird Tbk.|2502100000|2502100000|0|47200
BISI|BISI International Tbk.|3000000000|3000000000|136400|475400
BJBR|Bank Pembangunan Daerah Jawa Barat dan B|9599328254|9599328254|853500|5396500
BJTM|Bank Pembangunan Daerah Jawa Timur Tbk.|14795880732|1479588073|626200|412100
BKDP|Bukit Darmo Property Tbk|7315022252|7315022252|0|0
BKSL|Sentul City Tbk.|34536595510|3453659551|30525900|900000
BKSW|Bank QNB Indonesia Tbk.|8669574538|8669574538|0|0
BLTA|Berlian Laju Tanker Tbk|23483317538|2348331753|0|0
BLTZ|Graha Layar Prima Tbk.|436968571|436968571|0|0
BMAS|Bank Maspion Indonesia Tbk.|3812490000|3812490000|0|0
BMRI|Bank Mandiri (Persero) Tbk.|23099999999|2309999999|27881000|18102500
BMSR|Bintang Mitra Semestaraya Tbk|1159200024|1159200024|0|0
BMTR|Global Mediacom Tbk.|14198621422|1419862142|3400000|6713400
BNBA|Bank Bumi Arta Tbk.|2286900000|2286900000|0|0
BNBR|Bakrie & Brothers Tbk|93721717528|9372171752|0|0
BNGA|Bank CIMB Niaga Tbk.|24880290775|2488029077|8803752|6261015
BNII|Bank Maybank Indonesia Tbk.|67068027368|6706802736|366900|534700
BNLI|Bank Permata Tbk.|22116530753|2211653075|200|308600
BOLT|Garuda Metalindo Tbk.|2343750000|2343750000|877800|0
BORN|Borneo Lumbung Energi & Metal Tbk.|17693000000|1769300000|0|0
BPFI|Batavia Prosperindo Finance Tbk.|1360627100|1360627100|0|0
BPII|Batavia Prosperindo Internasional Tbk.|514010900|514010900|0|0
BRAM|Indo Kordsa Tbk.|450000000|450000000|0|0
BRAU|Berau Coal Energy Tbk.|34900000000|3490000000|0|0
BRMS|Bumi Resources Minerals Tbk.|25570150644|2557015064|0|0
BRNA|Berlina Tbk.|759000000|759000000|240000|140800
BRPT|Barito Pacific Tbk.|6979892784|6979892784|5000|811700
BSDE|Bumi Serpong Damai Tbk.|19246696192|1924669619|12634600|12053000
BSIM|Bank Sinarmas Tbk.|15052069256|1505206925|0|0
BSSR|Baramulti Suksessarana Tbk.|2616500000|2616500000|0|0
BSWD|Bank Of India Indonesia Tbk.|1031184000|1031184000|0|0
BTEK|Bumi Teknokultura Unggul Tbk|5784687047|5784687047|0|900
BTEL|Bakrie Telecom Tbk.|30584590655|3058459065|0|0
BTON|Betonjaya Manunggal Tbk.|720000000|720000000|0|0
BTPN|Bank Tabungan Pensiunan Nasional Tbk.|5781884384|5781884384|0|100000
BUDI|Budi Starch & Sweetener Tbk.|4498997362|4498997362|2152600|4000
BUKK|Bukaka Teknik Utama Tbk.|2640452000|2640452000|0|0
BULL|Buana Listya Tama Tbk.|2426895677|2426895677|0|0
BUMI|Bumi Resources Tbk.|36627020427|3662702042|0|0
BUVA|Bukit Uluwatu Villa Tbk.|3096031500|3096031500|0|0
BVIC|Bank Victoria International Tbk.|7811747289|7811747289|0|0
BWPT|Eagle High Plantations Tbk.|31525291000|3152529100|15362600|8351800
BYAN|Bayan Resources Tbk.|3333333500|3333333500|0|0
CANI|Capitol Nusantara Indonesia Tbk.|833440000|833440000|0|0
CASA|Capital Financial Indonesia Tbk.|11550000000|1155000000|40000|40000
CASS|Cardig Aero Services Tbk.|2086950000|2086950000|0|0
CEKA|Wilmar Cahaya Indonesia Tbk.|595000000|595000000|0|0
CENT|Centratama Telekomunikasi Indonesia Tbk.|10394488300|1039448830|0|0
CFIN|Clipan Finance Indonesia Tbk.|3984520457|3984520457|0|0
CINT|Chitose Internasional Tbk.|1000000000|1000000000|0|0
CITA|Cita Mineral Investindo Tbk.|3370734900|3370734900|0|0
CKRA|Cakra Mineral Tbk.|5106021090|5106021090|0|0
CLPI|Colorpak Indonesia Tbk.|306338500|306338500|0|0
CMNP|Citra Marga Nusaphala Persada Tbk.|2750000000|2750000000|100|0
CMPP|Rimau Multi Putra Pratama Tbk.|216000000|216000000|0|100000
CNKO|Exploitasi Energi Indonesia Tbk.|8956361206|8956361206|0|4388800
CNTB|Saham Seri B ( Centex Tbk )|130000000|130000000|0|0
CNTX|Century Textile Industry Tbk.|70000000|70000000|0|0
COWL|Cowell Development Tbk.|4871214021|4871214021|0|0
CPGT|Citra Maharlika Nusantara Corpora Tbk.|3972222100|3972222100|0|0
CPIN|Charoen Pokphand Indonesia Tbk|16398000000|1639800000|1257700|1441400
CPRO|Central Proteina Prima Tbk.|40470734746|4047073474|2634400|100000
CSAP|Catur Sentosa Adiprana Tbk.|4053052920|4053052920|950000|900600
CTBN|Citra Tubindo Tbk.|800371500|800371500|0|0
CTRA|Ciputra Development Tbk.|15425291220|1542529122|2298100|8904600
CTRP|Ciputra Property Tbk.|6315623997|6315623997|890500|0
CTRS|Ciputra Surya Tbk.|2033199754|2033199754|13300|714500
CTTH|Citatah Tbk.|1230839821|1230839821|0|0
DAJK|Dwi Aneka Jaya Kemasindo Tbk.|2500000000|2500000000|1555200|0
DART|Duta Anggada Realty Tbk.|3141390962|3141390962|0|0
DAYA|Duta Intidaya Tbk.|2078439000|2078439000|0|10000
DEFI|Danasupra Erapacific Tbk|676000000|676000000|0|0
DEWA|Darma Henwa Tbk|21853733792|2185373379|0|0
DGIK|Nusa Konstruksi Enjiniring Tbk.|5541165000|5541165000|0|0
DILD|Intiland Development Tbk.|10365854185|1036585418|9466400|144600
DKFT|Central Omega Resources Tbk.|5638246600|5638246600|0|0
DLTA|Delta Djakarta Tbk.|800659050|800659050|0|0
DMAS|Puradelta Lestari Tbk.|48198111100|4819811110|10580000|23235500
DNAR|Bank Dinar Indonesia Tbk.|2227500000|2227500000|0|0
DNET|Indoritel Makmur Internasional Tbk.|14184000000|1418400000|0|0
DOID|Delta Dunia Makmur Tbk.|8311463732|8311463732|40000|179300
DPNS|Duta Pertiwi Nusantara Tbk.|331129952|331129952|0|0
DPUM|Dua Putra Utama Makmur Tbk.|4175000000|4175000000|0|0
DSFI|Dharma Samudera Fishing Industries Tbk.|1857135500|1857135500|0|100
DSNG|Dharma Satya Nusantara Tbk.|10599842400|1059984240|46700|0
DSSA|Dian Swastatika Sentosa Tbk|770552320|770552320|500|0
DUTI|Duta Pertiwi Tbk|1850000000|1850000000|0|0
DVLA|Darya-Varia Laboratoria Tbk.|1120000000|1120000000|0|0
DYAN|Dyandra Media International Tbk.|4272964279|4272964279|0|0
ECII|Electronic City Indonesia Tbk.|1334333000|1334333000|0|0
EKAD|Ekadharma International Tbk.|698775000|698775000|50000|23700
ELSA|Elnusa Tbk.|7298500000|7298500000|10084200|11863400
ELTY|Bakrieland Development Tbk.|43521913019|4352191301|0|0
EMDE|Megapolitan Developments Tbk.|3350000000|3350000000|0|0
EMTK|Elang Mahkota Teknologi Tbk.|5640032442|5640032442|0|42200
ENRG|Energi Mega Persada Tbk.|49106783762|4910678376|0|0
EPMT|Enseval Putera Megatrading Tbk.|2708640000|2708640000|0|0
ERAA|Erajaya Swasembada Tbk.|2900000000|2900000000|1600000|0
ERTX|Eratex Djaja Tbk.|1286539792|1286539792|0|0
ESSA|Surya Esa Perkasa Tbk.|1100000000|1100000000|0|0
ESTI|Ever Shine Tex Tbk.|2015208720|2015208720|0|0
ETWA|Eterindo Wahanatama Tbk|968297000|968297000|0|0
EXCL|XL Axiata Tbk.|10687960423|1068796042|8072600|15946600
FAST|Fast Food Indonesia Tbk.|1995138579|1995138579|0|0
FASW|Fajar Surya Wisesa Tbk.|2477888787|2477888787|0|0
FISH|FKS Multi Agro Tbk.|480000000|480000000|0|0
FMII|Fortune Mate Indonesia Tbk|2721000000|2721000000|0|0
FORU|Fortune Indonesia Tbk|465224000|465224000|0|0
FPNI|Lotte Chemical Titan Tbk.|5566414000|5566414000|0|0
FREN|Smartfren Telecom Tbk.|103705870101|1037058701|0|282600
GAMA|Gading Development Tbk.|10011027656|1001102765|0|0
GDST|Gunawan Dianjaya Steel Tbk.|8200000000|8200000000|100000|0
GDYR|Goodyear Indonesia Tbk.|410000000|410000000|0|0
GEMA|Gema Grahasarana Tbk.|320000000|320000000|0|0
GEMS|Golden Energy Mines Tbk.|5882353000|5882353000|0|0
GGRM|Gudang Garam Tbk.|1924088000|1924088000|2158300|2029000
GIAA|Garuda Indonesia (Persero) Tbk.|25868926633|2586892663|0|40000
GJTL|Gajah Tunggal Tbk.|3484800000|3484800000|104000|3794000
GLOB|Global Teleshop Tbk.|1111112000|1111112000|0|0
GMCW|Grahamas Citrawisata Tbk.|58839958|58839958|0|0
GMTD|Gowa Makassar Tourism Development Tbk.|101538000|101538000|0|0
GOLD|Visi Telekomunikasi Infrastruktur Tbk.|314600000|314600000|0|0
GOLL|Golden Plantation Tbk.|3665000007|3665000007|0|0
GPRA|Perdana Gapuraprima Tbk.|4276655336|4276655336|0|0
GREN|Evergreen Invesco Tbk.|4694111791|4694111791|0|0
GSMF|Equity Development Investment Tbk.|7454723337|7454723337|0|0
GTBO|Garda Tujuh Buana Tbk|2500000000|2500000000|0|0
GWSA|Greenwood Sejahtera Tbk.|7800760000|7800760000|0|0
GZCO|Gozco Plantations Tbk.|6000000000|6000000000|0|0
HADE|HD Capital Tbk|2120000000|2120000000|0|0
HDFA|Radana Bhaskara Finance Tbk.|2329668917|2329668917|0|0
HDTX|Panasia Indo Resources Tbk.|3601462800|3601462800|0|0
HERO|Hero Supermarket Tbk.|4183634000|4183634000|0|0
HEXA|Hexindo Adiperkasa Tbk.|840000000|840000000|860100|699100
HITS|Humpuss Intermoda Transportasi Tbk.|7101084801|7101084801|0|0
HMSP|H.M. Sampoerna Tbk.|116318076900|1163180769|6548600|4345400
HOME|Hotel Mandarine Regency Tbk.|2266550488|2266550488|0|0
HOTL|Saraswati Griya Lestari Tbk.|3550000250|3550000250|0|0
HRUM|Harum Energy Tbk.|2703620000|2703620000|2843600|80000
IATA|Indonesia Transport & Infrastructure Tbk|9326826088|9326826088|0|0
IBFN|Intan Baruprana Finance Tbk.|3173720000|3173720000|0|0
IBST|Inti Bangun Sejahtera Tbk.|1350904927|1350904927|0|0
ICBP|Indofood CBP Sukses Makmur Tbk.|11661908000|1166190800|540759|6778259
ICON|Island Concepts Indonesia Tbk.|1089750000|1089750000|0|0
IDPR|Indonesia Pondasi Raya Tbk.|2003000000|2003000000|137100|25000
IGAR|Champion Pacific Indonesia Tbk.|972204500|972204500|0|0
IIKP|Inti Agri Resources Tbk|3360000000|3360000000|0|0
IKAI|Intikeramik Alamasri Industri Tbk.|791383786|791383786|0|0
IKBI|Sumi Indo Kabel Tbk.|1224000000|1224000000|100|0
IMAS|Indomobil Sukses Internasional Tbk.|2765278412|2765278412|0|2700
IMJS|Indomobil Multi Jasa Tbk.|4325000000|4325000000|25000|25000
IMPC|Impack Pratama Industri Tbk.|4833500000|4833500000|0|0
INAF|Indofarma Tbk.|3099267500|3099267500|430100|2700
INAI|Indal Aluminium Industry Tbk.|316800000|316800000|0|0
INCF|Indo Komoditi Korpora Tbk.|1438370465|1438370465|0|0
INCI|Intanwijaya Internasional Tbk|181035556|181035556|0|0
INCO|Vale Indonesia Tbk.|9936338720|9936338720|5197300|1653400
INDF|Indofood Sukses Makmur Tbk.|8780426500|8780426500|4432300|5370700
INDR|Indo-Rama Synthetics Tbk.|654351707|654351707|0|0
INDS|Indospring Tbk.|656249710|656249710|0|0
INDX|Tanah Laut Tbk|437913588|437913588|0|0
INDY|Indika Energy Tbk.|5210192000|5210192000|755100|138200
INKP|Indah Kiat Pulp & Paper Tbk.|5470982941|5470982941|0|10000
INPC|Bank Artha Graha Internasional Tbk.|12957391497|1295739149|0|0
INPP|Indonesian Paradise Property Tbk.|11181971732|1118197173|0|0
INRU|Toba Pulp Lestari Tbk.|1388883283|1388883283|0|0
INTA|Intraco Penta Tbk.|2160029220|2160029220|0|0
INTD|Inter Delta Tbk|118365600|118365600|0|0
INTP|Indocement Tunggal Prakarsa Tbk.|3681231699|3681231699|360300|1014000
INVS|Inovisi Infracom Tbk.|9990273135|9990273135|0|0
IPOL|Indopoly Swakarsa Industry Tbk.|6443379509|6443379509|0|50000
ISAT|Indosat Tbk.|5433933500|5433933500|90200|125200
ISSP|Steel Pipe Industry of Indonesia Tbk.|7185992035|7185992035|0|0
ITMA|Sumber Energi Andalan Tbk.|680000000|680000000|0|0
ITMG|Indo Tambangraya Megah Tbk.|1129925000|1129925000|208700|637800
ITTG|Leo Investments Tbk.|1379000000|1379000000|0|0
JAWA|Jaya Agra Wattie Tbk.|3774685500|3774685500|70000|0
JECC|Jembo Cable Company Tbk.|151200000|151200000|0|15000
JGLE|Graha Andrasentra Propertindo Tbk.|22581909405|2258190940|0|0
JIHD|Jakarta International Hotels & Developme|2329040482|2329040482|0|0
JKON|Jaya Konstruksi Manggala Pratama Tbk.|16308519860|1630851986|0|0
JKSW|Jakarta Kyoei Steel Works Tbk.|150000000|150000000|0|0
JPFA|Japfa Comfeed Indonesia Tbk.|11410522910|1141052291|1926800|1333300
JPRS|Jaya Pari Steel Tbk|750000000|750000000|10000|0
JRPT|Jaya Real Property Tbk.|13750000000|1375000000|0|0
JSMR|Jasa Marga (Persero) Tbk.|6800000000|6800000000|1926900|5311200
JSPT|Jakarta Setiabudi Internasional Tbk.|2318736000|2318736000|0|0
JTPE|Jasuindo Tiga Perkasa Tbk.|1713012500|1713012500|0|0
KAEF|Kimia Farma Tbk.|5554000000|5554000000|313400|237300
KARW|ICTSI Jasa Prima Tbk.|587152700|587152700|0|0
KBLI|KMI Wire & Cable Tbk.|4007235107|4007235107|0|0
KBLM|Kabelindo Murni Tbk.|1120000000|1120000000|500|1000
KBLV|First Media Tbk.|1742167907|1742167907|0|0
KBRI|Kertas Basuki Rachmat Indonesia Tbk.|8687995734|8687995734|0|0
KDSI|Kedawung Setia Industrial Tbk.|405000000|405000000|0|0
KIAS|Keramika Indonesia Assosiasi Tbk.|14929100000|1492910000|0|0
KICI|Kedaung Indah Can Tbk|276000000|276000000|0|0
KIJA|Kawasan Industri Jababeka Tbk.|20662178685|2066217868|17543700|3356400
KINO|Kino Indonesia Tbk.|1428571500|1428571500|1763100|29300
KKGI|Resource Alam Indonesia Tbk.|1000000000|1000000000|0|0
KLBF|Kalbe Farma Tbk.|46875122110|4687512211|10082500|17053600
KOBX|Kobexindo Tractors Tbk.|2272500000|2272500000|0|0
KOIN|Kokoh Inti Arebama Tbk|980843732|980843732|0|0
KONI|Perdana Bangun Pusaka Tbk|152000000|152000000|0|0
KOPI|Mitra Energi Persada Tbk.|697266668|697266668|0|0
KPIG|MNC Land Tbk.|6891067237|6891067237|1506900|381300
KRAH|Grand Kartech Tbk.|971190000|971190000|0|0
KRAS|Krakatau Steel (Persero) Tbk.|15775000000|1577500000|879400|679000
KREN|Kresna Graha Investama Tbk.|18208470100|1820847010|1700000|0
LAMI|Lamicitra Nusantara Tbk.|1148418000|1148418000|0|0
LAPD|Leyand International Tbk.|3966350139|3966350139|0|0
LCGP|Eureka Prima Jakarta Tbk.|5630000914|5630000914|25400|0
LEAD|Logindo Samudramakmur Tbk.|2577028572|2577028572|0|0
LINK|Link Net Tbk.|3042649384|3042649384|3249700|1082700
LION|Lion Metal Works Tbk.|520160000|520160000|0|0
LMAS|Limas Indonesia Makmur Tbk|787851525|787851525|0|0
LMPI|Langgeng Makmur Industri Tbk.|1008517669|1008517669|0|20000
LMSH|Lionmesh Prima Tbk.|96000000|96000000|0|0
LPCK|Lippo Cikarang Tbk|696000000|696000000|510100|14400
LPGI|Lippo General Insurance Tbk.|150000000|150000000|0|0
LPIN|Multi Prima Sejahtera Tbk|21250000|21250000|0|0
LPKR|Lippo Karawaci Tbk.|23077689619|2307768961|112360100|104159200
LPLI|Star Pacific Tbk|1170432803|1170432803|0|0
LPPF|Matahari Department Store Tbk.|2917918080|2917918080|1922800|5525000
LPPS|Lippo Securities Tbk.|2588250000|2588250000|231000|150000
LRNA|Eka Sari Lorena Transport Tbk.|350000022|350000022|0|0
LSIP|PP London Sumatra Indonesia Tbk.|6822863965|6822863965|1285700|94500
LTLS|Lautan Luas Tbk.|1560000000|1560000000|0|0
MAGP|Multi Agro Gemilang Plantation Tbk.|9000000004|9000000004|0|0
MAIN|Malindo Feedmill Tbk.|2238750000|2238750000|502500|380700
MAMI|Mas Murni Indonesia Tbk|3307239903|3307239903|0|0
MAMIP|Mas Murni Tbk (Saham Preferen)|6000000|6000000|0|0
MAPI|Mitra Adiperkasa Tbk.|1660000000|1660000000|302|755202
MARI|Mahaka Radio Integra Tbk.|525264400|525264400|0|0
MASA|Multistrada Arah Sarana Tbk.|9182946945|9182946945|0|912700
MAYA|Bank Mayapada Internasional Tbk.|4261374585|4261374585|0|0
MBAP|Mitrabara Adiperdana Tbk.|1227271952|1227271952|0|0
MBSS|Mitrabahtera Segara Sejati Tbk.|1750026639|1750026639|0|0
MBTO|Martina Berto Tbk.|1070000000|1070000000|0|0
MCOR|Bank Windu Kentjana International Tbk.|16464947579|1646494757|0|1185200
MDIA|Intermedia Capital Tbk.|3921553840|3921553840|0|0
MDKA|Merdeka Copper Gold Tbk.|3569587140|3569587140|0|0
MDLN|Modernland Realty Tbk.|12533067322|1253306732|14369400|10743000
MDRN|Modern Internasional Tbk.|4574697999|4574697999|0|0
MEDC|Medco Energi Internasional Tbk.|3332451450|3332451450|1126500|30300
MEGA|Bank Mega Tbk.|6894138227|6894138227|0|0
MERK|Merck Tbk.|448000000|448000000|0|0
META|Nusantara Infrastructure Tbk.|15235671880|1523567188|0|500000
MFIN|Mandala Multifinance Tbk.|1325000000|1325000000|138800|0
MFMI|Multifiling Mitra Indonesia Tbk.|757581000|757581000|0|0
MGNA|Magna Finance Tbk.|1000000000|1000000000|0|0
MICE|Multi Indocitra Tbk.|600000000|600000000|0|0
MIDI|Midi Utama Indonesia Tbk.|2882353000|2882353000|0|0
MIKA|Mitra Keluarga Karyasehat Tbk.|14550736000|1455073600|1478300|2091500
MIRA|Mitra International Resources Tbk.|3961452039|3961452039|0|0
MITI|Mitra Investindo Tbk.|1283228000|1283228000|0|0
MKNT|Mitra Komunikasi Nusantara Tbk.|1000000000|1000000000|0|0
MKPI|Metropolitan Kentjana Tbk.|948194000|948194000|225000|225000
MLBI|Multi Bintang Indonesia Tbk.|2107000000|2107000000|0|0
MLIA|Mulia Industrindo Tbk|1323000000|1323000000|0|159200
MLPL|Multipolar Tbk.|10064747323|1006474732|7717000|2260700
MLPT|Multipolar Technology Tbk.|1875000000|1875000000|0|0
MMLP|Mega Manunggal Property Tbk.|5714285000|5714285000|60000|247000
MNCN|Media Nusantara Citra Tbk.|14276103500|1427610350|2597300|204080100
MPMX|Mitra Pinasthika Mustika Tbk.|4462963276|4462963276|0|610000
MPPA|Matahari Putra Prima Tbk.|5377962800|5377962800|513500|1839300
MRAT|Mustika Ratu Tbk.|428000000|428000000|11500|0
MREI|Maskapai Reasuransi Indonesia Tbk.|388343761|388343761|0|0
MSKY|MNC Sky Vision Tbk.|1484136730|1484136730|470800|603400
MTDL|Metrodata Electronics Tbk.|2376172964|2376172964|0|120300
MTFN|Capitalinc Investment Tbk.|31842082852|3184208285|0|0
MTLA|Metropolitan Land Tbk.|7655126330|7655126330|0|0
MTRA|Mitra Pemuda Tbk.|770000000|770000000|0|0
MTSM|Metro Realty Tbk.|232848000|232848000|0|0
MYOH|Samindo Resources Tbk.|2206312500|2206312500|10000|181300
MYOR|Mayora Indah Tbk.|22358699725|2235869972|0|514900
MYRX|Hanson International Tbk.|78719201175|7871920117|351600|1578100
MYRXP|Saham Seri B Hanson International Tbk.|1120995000|1120995000|0|0
MYTX|Asia Pacific Investama Tbk.|1466666577|1466666577|0|0
NAGA|Bank Mitraniaga Tbk.|1612710000|1612710000|0|0
NELY|Pelayaran Nelly Dwi Putri Tbk.|2350000000|2350000000|0|0
NIKL|Pelat Timah Nusantara Tbk.|2523350000|2523350000|7200|0
NIPS|Nipress Tbk.|1635333332|1635333332|0|0
NIRO|Nirvana Development Tbk.|22198871804|2219887180|12962900|0
NISP|Bank OCBC NISP Tbk.|11357888016|1135788801|0|0
NOBU|Bank Nationalnobu Tbk.|4393533177|4393533177|0|0
NRCA|Nusa Raya Cipta Tbk.|2496258344|2496258344|0|22200
OASA|Protech Mitra Perkasa Tbk.|358600000|358600000|0|0
OCAP|Onix Capital Tbk.|273200000|273200000|0|0
OKAS|Ancora Indonesia Resources Tbk.|1765927777|1765927777|0|0
OMRE|Indonesia Prima Property Tbk|1745000000|1745000000|0|0
PADI|Minna Padi Investama Tbk.|11307246524|1130724652|80000|0
PALM|Provident Agro Tbk.|7119540356|7119540356|0|4000
PANR|Panorama Sentrawisata Tbk.|1200000000|1200000000|0|0
PANS|Panin Sekuritas Tbk.|720000000|720000000|0|0
PBRX|Pan Brothers Tbk.|6478295611|6478295611|5880400|5941600
PBSA|Paramita Bangun Sarana Tbk.|1500000000|1500000000|0|500000
PDES|Destinasi Tirta Nusantara Tbk|715000000|715000000|0|0
PEGE|Panca Global Securities Tbk.|708354264|708354264|0|0
PGAS|Perusahaan Gas Negara (Persero) Tbk.|24241508196|2424150819|8408100|6533400
PGLI|Pembangunan Graha Lestari Indah Tbk.|488000000|488000000|0|0
PICO|Pelangi Indah Canindo Tbk|568375000|568375000|0|0
PJAA|Pembangunan Jaya Ancol Tbk.|1599999996|1599999996|0|0
PKPK|Perdana Karya Perkasa Tbk|600000000|600000000|0|0
PLAS|Polaris Investama Tbk|1184200000|1184200000|9700|400
PLIN|Plaza Indonesia Realty Tbk.|3550000000|3550000000|0|0
PNBN|Bank Pan Indonesia Tbk|23837645998|2383764599|0|0
PNBS|Bank Panin Syariah Tbk.|9791490700|9791490700|0|0
PNIN|Paninvest Tbk.|4068323920|4068323920|100|0
PNLF|Panin Financial Tbk.|32022073293|3202207329|464200|1098500
PNSE|Pudjiadi & Sons Tbk.|797813496|797813496|0|0
POLY|Asia Pacific Fibers Tbk|2495753334|2495753334|0|0
POOL|Pool Advista Indonesia Tbk.|1799952032|1799952032|100|1200
POWR|Cikarang Listrindo Tbk.|16087156000|1608715600|7021600|6456600
PPRO|PP Properti Tbk.|14044406000|1404440600|7407700|1322100
PRAS|Prima Alloy Steel Universal Tbk.|701043478|701043478|0|0
PSAB|J Resources Asia Pasifik Tbk.|26460000000|2646000000|433300|2497600
PSDN|Prasidha Aneka Niaga Tbk|1440000000|1440000000|0|0
PSKT|Red Planet Indonesia Tbk.|1353092800|1353092800|0|100
PTBA|Tambang Batubara Bukit Asam (Persero) Tb|2304131850|2304131850|464100|1121000
PTIS|Indo Straits Tbk.|550165300|550165300|0|0
PTPP|PP (Persero) Tbk.|4842436500|4842436500|4220700|5681900
PTRO|Petrosea Tbk.|1008605000|1008605000|0|0
PTSN|Sat Nusapersada Tbk|1771448000|1771448000|177400|0
PTSP|Pioneerindo Gourmet International Tbk.|220808000|220808000|0|0
PUDP|Pudjiadi Prestige Tbk.|329560000|329560000|0|0
PWON|Pakuwon Jati Tbk.|48159602400|4815960240|25340700|97468956
PYFA|Pyridam Farma Tbk|535080000|535080000|0|20000
R-ABFII|Asian Bond Fund - Indonesia Bond Index F|100157763|100157763|0|0
R-LQ45X|Premier ETF LQ-45 (R-LQ45X)|763400000|763400000|0|0
RAJA|Rukun Raharja Tbk.|4077082500|4077082500|0|0
RALS|Ramayana Lestari Sentosa Tbk.|7096000000|7096000000|3866800|2301600
RANC|Supra Boga Lestari Tbk.|1564487500|1564487500|0|10000000
RBMS|Ristia Bintang Mahkotasejati Tbk.|326722500|326722500|0|0
RDTX|Roda Vivatex Tbk|268800000|268800000|0|0
RELI|Reliance Securities Tbk|1800000000|1800000000|0|0
RICY|Ricky Putra Globalindo Tbk|641717510|641717510|0|0
RIGS|Rig Tenders Indonesia Tbk.|609130000|609130000|0|0
RIMO|Rimo International Lestari Tbk|340000000|340000000|0|0
RMBA|Bentoel Internasional Investama Tbk.|36401136250|3640113625|0|0
RODA|Pikko Land Development Tbk.|13592128209|1359212820|0|0
ROTI|Nippon Indosari Corpindo Tbk.|5061800000|5061800000|390000|2241600
RUIS|Radiant Utama Interinsco Tbk.|770000000|770000000|700|0
SAFE|Steady Safe Tbk|615145012|615145012|0|0
SAME|Sarana Meditama Metropolitan Tbk.|1180000000|1180000000|0|0
SCBD|Danayasa Arthatama Tbk.|3322092000|3322092000|0|0
SCCO|Supreme Cable Manufacturing & Commerce T|205583400|205583400|0|0
SCMA|Surya Citra Media Tbk.|14621601234|1462160123|7653800|8380800
SCPI|Merck Sharp Dohme Pharma Tbk.|3600000|3600000|0|0
SDMU|Sidomulyo Selaras Tbk.|1125875000|1125875000|0|0
SDPC|Millennium Pharmacon International Tbk.|728000000|728000000|0|0
SDRA|Bank Woori Saudara Indonesia 1906 Tbk.|5021633094|5021633094|0|0
SGRO|Sampoerna Agro Tbk.|1890000000|1890000000|600|15000
SHID|Hotel Sahid Jaya International Tbk.|1119326168|1119326168|0|0
SHIP|Sillo Maritime Perdana Tbk.|2500000000|2500000000|0|0
SIAP|Sekawan Intipratama Tbk|24000000000|2400000000|0|0
SIDO|Industri Jamu dan Farmasi Sido Muncul Tb|15000000000|1500000000|457000|9379300
SILO|Siloam International Hospitals Tbk.|1156100000|1156100000|18500|32300
SIMA|Siwani Makmur Tbk|442589871|442589871|0|0
SIMP|Salim Ivomas Pratama Tbk.|15816310000|1581631000|2600|104600
SIPD|Sierad Produce Tbk.|1339102579|1339102579|0|17000
SKBM|Sekar Bumi Tbk.|936530894|936530894|0|0
SKLT|Sekar Laut Tbk.|690740500|690740500|0|0
SKYB|Skybee Tbk.|585000000|585000000|0|0
SMAR|Smart Tbk.|2872193366|2872193366|0|0
SMBR|Semen Baturaja (Persero) Tbk.|9837678500|9837678500|310100|10000
SMCB|Holcim Indonesia Tbk.|7662900000|7662900000|814300|228100
SMDM|Suryamas Dutamakmur Tbk.|4772138237|4772138237|0|0
SMDR|Samudera Indonesia  Tbk.|163756000|163756000|0|15900
SMGR|Semen Indonesia (Persero) Tbk.|5931520000|5931520000|3773300|4399200
SMMA|Sinarmas Multiartha Tbk.|6367664717|6367664717|100|0
SMMT|Golden Eagle Energy Tbk.|3150000000|3150000000|0|0
SMRA|Summarecon Agung Tbk.|14426781680|1442678168|4992900|7813600
SMRU|SMR Utama Tbk.|12499385782|1249938578|300|0
SMSM|Selamat Sempurna Tbk.|1439668860|1439668860|0|1100
SOBI|Sorini Agro Asia Corporindo Tbk.|925211250|925211250|0|0
SOCI|Soechi Lines Tbk.|7059000000|7059000000|3536100|2595000
SONA|Sona Topas Tourism Industry Tbk.|331200000|331200000|0|0
SPMA|Suparma Tbk.|1492046658|1492046658|0|0
SQBB|Taisho Pharmaceutical Indonesia Tbk.|9268000|9268000|0|0
SQBI|Taisho Pharmaceutical Indonesia Tbk.|972000|972000|0|0
SQMI|Renuka Coalindo Tbk.|301200000|301200000|0|0
SRAJ|Sejahteraraya Anugrahjaya Tbk.|8030483593|8030483593|0|0
SRIL|Sri Rejeki Isman Tbk.|18592888040|1859288804|40264600|235700
SRSN|Indo Acidatama Tbk|6020000000|6020000000|0|0
SRTG|Saratoga Investama Sedaya Tbk.|2712967000|2712967000|0|0
SSIA|Surya Semesta Internusa Tbk.|4705249440|4705249440|4279700|295000
SSMS|Sawit Sumbermas Sarana Tbk.|9525000000|9525000000|12402100|12457300
SSTM|Sunson Textile Manufacture Tbk|1170909181|1170909181|0|0
STAR|Star  Petrochem Tbk.|4800000602|4800000602|0|0
STTP|Siantar Top Tbk.|1310000000|1310000000|0|0
SUGI|Sugih Energy Tbk.|24811541414|2481154141|0|0
SULI|SLJ Global Tbk.|3111401022|3111401022|71500|0
SUPR|Solusi Tunas Pratama Tbk.|1137579698|1137579698|0|0
TALF|Tunas Alfin Tbk.|1353435000|1353435000|0|0
TARA|Sitara Propertindo Tbk.|10065833300|1006583330|5565300|54500
TAXI|Express Transindo Utama Tbk.|2145600000|2145600000|520000|12000
TBIG|Tower Bersama Infrastructure Tbk.|4796526199|4796526199|1757600|2485100
TBLA|Tunas Baru Lampung Tbk.|5342098939|5342098939|1100000|4064500
TBMS|Tembaga Mulia Semanan Tbk.|367340000|367340000|0|0
TCID|Mandom Indonesia Tbk.|201066667|201066667|200|0
TELE|Tiphone Mobile Indonesia Tbk.|7123415717|7123415717|371000|0
TFCO|Tifico Fiber Indonesia Tbk.|4823076400|4823076400|0|0
TGKA|Tigaraksa Satria Tbk.|918492750|918492750|0|0
TIFA|Tifa Finance Tbk.|1079700000|1079700000|0|0
TINS|Timah (Persero) Tbk.|7447753454|7447753454|37300|220700
TIRA|Tira Austenite Tbk|588000000|588000000|0|0
TIRT|Tirta Mahakam Resources Tbk|1011774750|1011774750|0|0
TKGA|Permata Prima Sakti Tbk.|1012000000|1012000000|0|0
TKIM|Pabrik Kertas Tjiwi Kimia Tbk.|2671404527|2671404527|0|0
TLKM|Telekomunikasi Indonesia (Persero) Tbk.|100799996400|1007999964|56378500|107001000
TMAS|Pelayaran Tempuran Emas Tbk.|1141030000|1141030000|0|0
TMPI|Sigmagold Inti Perkasa Tbk.|5502083747|5502083747|429900|147900
TMPO|Tempo Intimedia Tbk.|725000000|725000000|0|0
TOBA|Toba Bara Sejahtra Tbk.|2012491000|2012491000|19500|0
TOTL|Total Bangun Persada Tbk.|3410000000|3410000000|500000|75000
TOTO|Surya Toto Indonesia Tbk.|1032000000|1032000000|0|0
TOWR|Sarana Menara Nusantara Tbk.|10202925000|1020292500|0|0
TPIA|Chandra Asri Petrochemical Tbk.|3286962558|3286962558|31000|1000
TPMA|Trans Power Marine Tbk.|2633300000|2633300000|0|0
TRAM|Trada Maritime Tbk.|9731641746|9731641746|0|0
TRIL|Triwira Insanlestari Tbk.|1200000000|1200000000|0|0
TRIM|Trimegah Sekuritas Indonesia Tbk.|7109300000|7109300000|10100|0
TRIO|Trikomsel Oke Tbk.|4761500000|4761500000|0|0
TRIS|Trisula International Tbk.|1045446325|1045446325|0|0
TRST|Trias Sentosa Tbk.|2808000000|2808000000|2000|0
TRUB|Truba Alam Manunggal Engineering Tbk.|15799456267|1579945626|0|0
TRUS|Trust Finance Indonesia Tbk|800000000|800000000|0|0
TSPC|Tempo Scan Pacific Tbk.|4500000000|4500000000|100000|755000
TURI|Tunas Ridean Tbk.|5580000000|5580000000|0|0
ULTJ|Ultra Jaya Milk Industry & Trading Compa|2888382000|2888382000|0|0
UNIC|Unggul Indah Cahaya Tbk.|383331363|383331363|0|0
UNIT|Nusantara Inti Corpora Tbk|75422200|75422200|0|0
UNSP|Bakrie Sumatra Plantations Tbk.|13720471386|1372047138|0|0
UNTR|United Tractors Tbk.|3730135136|3730135136|4781200|4945200
UNVR|Unilever Indonesia Tbk.|7630000000|7630000000|441400|961300
VICO|Victoria Investama Tbk.|9150094680|9150094680|0|0
VINS|Victoria Insurance Tbk.|1450490500|1450490500|0|0
VIVA|Visi Media Asia Tbk.|16464270400|1646427040|3033800|87900
VOKS|Voksel Electric Tbk.|831120519|831120519|0|0
VRNA|Verena Multi Finance Tbk.|1002000352|1002000352|0|0
WAPO|Wahana Pronatural Tbk.|520000000|520000000|0|0
WEHA|WEHA Transportasi Indonesia Tbk.|886411265|886411265|0|0
WICO|Wicaksana Overseas International Tbk.|1268950977|1268950977|0|0
WIIM|Wismilak Inti Makmur Tbk.|2099873760|2099873760|445600|28000
WIKA|Wijaya Karya (Persero) Tbk.|6149225000|6149225000|1771800|11322900
WINS|Wintermar Offshore Marine Tbk.|4038011640|4038011640|20000|635800
WOMF|Wahana Ottomitra Multiartha Tbk.|3481481480|3481481480|6327300|0
WSBP|Waskita Beton Precast Tbk.|26361157534|2636115753|30725700|26829500
WSKT|Waskita Karya (Persero) Tbk.|13573335750|1357333575|970800|3565900
WTON|Wijaya Karya Beton Tbk.|8715466600|8715466600|1800|366500
XCID|DIRE Ciptadana Properti Ritel Indonesia|4000000000|4000000000|0|0
XIIC|Reksa Dana Premier ETF Indonesia Consume|69700000|69700000|0|0
XIIF|Reksa Dana Premier ETF Indonesia Financi|242300000|242300000|0|0
XIIT|Reksa Dana Premier ETF IDX30|224800000|224800000|0|0
XIJI|Reksa Dana Syariah Premier ETF JII|402000000|402000000|0|0
XISC|Reksa Dana Premier ETF Indonesia Stated-|1660400000|1660400000|0|0
XISI|Premier ETF SMinfra18|302800000|302800000|0|0
XISR|Premier ETF SRI-KEHATI|135100000|135100000|0|0
XPLQ|Reksa Dana Pinnacle Enhanced Liquid ETF|29900000|29900000|0|0
YPAS|Yanaprima Hastapersada Tbk|668000089|668000089|0|0
YULE|Yulie Sekurindo Tbk|255000000|255000000|0|0
ZBRA|Zebra Nusantara Tbk|856133009|856133009|0|0
